-- phpMyAdmin SQL Dump
-- version 4.6.5.2
-- https://www.phpmyadmin.net/
--
-- Servidor: 127.0.0.1
-- Tiempo de generación: 15-12-2017 a las 13:41:23
-- Versión del servidor: 10.1.21-MariaDB
-- Versión de PHP: 5.6.30

SET SQL_MODE = "NO_AUTO_VALUE_ON_ZERO";
SET time_zone = "+00:00";


/*!40101 SET @OLD_CHARACTER_SET_CLIENT=@@CHARACTER_SET_CLIENT */;
/*!40101 SET @OLD_CHARACTER_SET_RESULTS=@@CHARACTER_SET_RESULTS */;
/*!40101 SET @OLD_COLLATION_CONNECTION=@@COLLATION_CONNECTION */;
/*!40101 SET NAMES utf8mb4 */;

--
-- Base de datos: `dbventarepuestosonline`
--

-- --------------------------------------------------------

--
-- Estructura de tabla para la tabla `tbcategoriaproducto`
--

CREATE TABLE `tbcategoriaproducto` (
  `categoriaproductoid` int(11) NOT NULL,
  `categoriaproductonombre` varchar(50) NOT NULL,
  `categoriaproductoestado` int(11) NOT NULL
) ENGINE=InnoDB DEFAULT CHARSET=latin1;

--
-- Volcado de datos para la tabla `tbcategoriaproducto`
--

INSERT INTO `tbcategoriaproducto` (`categoriaproductoid`, `categoriaproductonombre`, `categoriaproductoestado`) VALUES
(1, 'Carros 4x4', 1),
(2, 'Automoviles', 1),
(3, 'Motos', 1);

-- --------------------------------------------------------

--
-- Estructura de tabla para la tabla `tbclientes`
--

CREATE TABLE `tbclientes` (
  `clienteid` int(20) NOT NULL,
  `personaid` varchar(20) NOT NULL,
  `clientedireccionexacta` varchar(200) NOT NULL,
  `clienteestado` tinyint(1) NOT NULL
) ENGINE=InnoDB DEFAULT CHARSET=latin1;

--
-- Volcado de datos para la tabla `tbclientes`
--

INSERT INTO `tbclientes` (`clienteid`, `personaid`, `clientedireccionexacta`, `clienteestado`) VALUES
(1, '3', 'Rio Frio Finca 2', 1);

-- --------------------------------------------------------

--
-- Estructura de tabla para la tabla `tbcompras`
--

CREATE TABLE `tbcompras` (
  `compraid` int(20) NOT NULL,
  `productoid` varchar(20) NOT NULL,
  `compracantidad` int(40) NOT NULL,
  `compraestado` varchar(10) NOT NULL
) ENGINE=InnoDB DEFAULT CHARSET=latin1;

--
-- Volcado de datos para la tabla `tbcompras`
--

INSERT INTO `tbcompras` (`compraid`, `productoid`, `compracantidad`, `compraestado`) VALUES
(1, '1', 1, '1');

-- --------------------------------------------------------

--
-- Estructura de tabla para la tabla `tbempleados`
--

CREATE TABLE `tbempleados` (
  `empleadoid` int(11) NOT NULL,
  `personaid` varchar(20) NOT NULL,
  `tipoempleado` varchar(20) NOT NULL,
  `empleadocedula` varchar(20) NOT NULL,
  `empleadofechaingreso` date NOT NULL,
  `empleadocontrasenia` varchar(20) NOT NULL,
  `empleadoedad` varchar(20) NOT NULL,
  `empleadosexo` varchar(10) NOT NULL,
  `empleadoestadocivil` varchar(20) NOT NULL,
  `empleadobanco` varchar(50) NOT NULL,
  `empleadocuentabancaria` varchar(50) NOT NULL,
  `empleadolicenciaid` varchar(20) NOT NULL,
  `empleadoestado` varchar(20) NOT NULL
) ENGINE=InnoDB DEFAULT CHARSET=latin1;

--
-- Volcado de datos para la tabla `tbempleados`
--

INSERT INTO `tbempleados` (`empleadoid`, `personaid`, `tipoempleado`, `empleadocedula`, `empleadofechaingreso`, `empleadocontrasenia`, `empleadoedad`, `empleadosexo`, `empleadoestadocivil`, `empleadobanco`, `empleadocuentabancaria`, `empleadolicenciaid`, `empleadoestado`) VALUES
(1, '2', 'Cajero', '206990365', '2017-10-03', '12345', '23', 'm', 'soltero', 'Nacional', '256889871', '1', '1'),
(2, '1', 'Administrador', '207210905', '2017-10-01', '12345', '48', 'm', 'soltero', 'Costa rica', '78965542458', '2', '1');

-- --------------------------------------------------------

--
-- Estructura de tabla para la tabla `tbfacturas`
--

CREATE TABLE `tbfacturas` (
  `facturaid` varchar(50) NOT NULL,
  `compraid` varchar(50) NOT NULL,
  `empleadoid` varchar(50) NOT NULL,
  `clienteid` varchar(50) NOT NULL,
  `facturafecha` date NOT NULL,
  `facturabruta` double NOT NULL,
  `facturaneta` double NOT NULL,
  `facturaestado` tinyint(4) NOT NULL
) ENGINE=InnoDB DEFAULT CHARSET=latin1;

--
-- Volcado de datos para la tabla `tbfacturas`
--

INSERT INTO `tbfacturas` (`facturaid`, `compraid`, `empleadoid`, `clienteid`, `facturafecha`, `facturabruta`, `facturaneta`, `facturaestado`) VALUES
('1', '1', '2', '3', '2017-09-10', 6100, 5795, 1);

-- --------------------------------------------------------

--
-- Estructura de tabla para la tabla `tbpersonas`
--

CREATE TABLE `tbpersonas` (
  `personaid` int(20) NOT NULL,
  `personanombre` varchar(20) NOT NULL,
  `personaapellido1` varchar(20) NOT NULL,
  `personaapellido2` varchar(20) NOT NULL,
  `personatelefono` int(11) NOT NULL,
  `personacorreo` varchar(50) NOT NULL,
  `personaestado` tinyint(1) NOT NULL
) ENGINE=InnoDB DEFAULT CHARSET=latin1;

--
-- Volcado de datos para la tabla `tbpersonas`
--

INSERT INTO `tbpersonas` (`personaid`, `personanombre`, `personaapellido1`, `personaapellido2`, `personatelefono`, `personacorreo`, `personaestado`) VALUES
(1, 'Brandon', 'Rodriguez', 'Mendez', 62091232, 'brandon-ndsi@hotmail.com', 1),
(2, 'Juan', 'Rodriguez', 'Rodriguez', 14358765, 'juararodri@gmail.com', 1),
(3, 'David', 'Salas', 'Salas', 73950274, 'yoansalas76@gmail.com', 1);

-- --------------------------------------------------------

--
-- Estructura de tabla para la tabla `tbproductos`
--

CREATE TABLE `tbproductos` (
  `productoid` int(11) NOT NULL,
  `productocodigo` varchar(50) NOT NULL,
  `productonombre` varchar(50) NOT NULL,
  `productodescripcion` text NOT NULL,
  `productoprecio` varchar(50) NOT NULL,
  `productoestado` varchar(50) NOT NULL
) ENGINE=InnoDB DEFAULT CHARSET=latin1;

--
-- Volcado de datos para la tabla `tbproductos`
--

INSERT INTO `tbproductos` (`productoid`, `productocodigo`, `productonombre`, `productodescripcion`, `productoprecio`, `productoestado`) VALUES
(1, 'M1', 'motor', 'es un motor', '120', '1'),
(2, 'M2', 'llanta', 'es una llanta', '2500', '1'),
(3, 'M3', 'cilindro', 'es un cilindro', '2000', '1');

-- --------------------------------------------------------

--
-- Estructura de tabla para la tabla `tbproveedores`
--

CREATE TABLE `tbproveedores` (
  `proveedorid` int(11) NOT NULL,
  `personaid` int(11) NOT NULL,
  `productoid` int(11) NOT NULL,
  `proveedorestado` tinyint(1) NOT NULL
) ENGINE=InnoDB DEFAULT CHARSET=latin1;

--
-- Volcado de datos para la tabla `tbproveedores`
--

INSERT INTO `tbproveedores` (`proveedorid`, `personaid`, `productoid`, `proveedorestado`) VALUES
(1, 6, 2, 1),
(2, 19, 3, 1);

-- --------------------------------------------------------

--
-- Estructura de tabla para la tabla `tbtipoempleados`
--

CREATE TABLE `tbtipoempleados` (
  `tipoempleadoid` varchar(20) NOT NULL,
  `tipoempleadosalariobase` double NOT NULL,
  `tipoempleadodescripcion` text NOT NULL,
  `tipoempleadohoraextra` double NOT NULL,
  `tipoempleadoestado` tinyint(1) NOT NULL
) ENGINE=InnoDB DEFAULT CHARSET=latin1 ROW_FORMAT=COMPACT;

--
-- Volcado de datos para la tabla `tbtipoempleados`
--

INSERT INTO `tbtipoempleados` (`tipoempleadoid`, `tipoempleadosalariobase`, `tipoempleadodescripcion`, `tipoempleadohoraextra`, `tipoempleadoestado`) VALUES
('Administrador', 600000, 'Puede agregar,modificar,buscar y eliminar:(zonas,productos,cajeros,persona,precios,combos, etc...', 2000, 1),
('Cajero', 250000, 'Vende en la tienda\n', 2000, 1);

--
-- Índices para tablas volcadas
--

--
-- Indices de la tabla `tbcategoriaproducto`
--
ALTER TABLE `tbcategoriaproducto`
  ADD PRIMARY KEY (`categoriaproductoid`);

--
-- Indices de la tabla `tbclientes`
--
ALTER TABLE `tbclientes`
  ADD PRIMARY KEY (`clienteid`),
  ADD KEY `personaid` (`personaid`);

--
-- Indices de la tabla `tbcompras`
--
ALTER TABLE `tbcompras`
  ADD PRIMARY KEY (`compraid`),
  ADD KEY `productoid` (`productoid`);

--
-- Indices de la tabla `tbempleados`
--
ALTER TABLE `tbempleados`
  ADD PRIMARY KEY (`empleadoid`),
  ADD KEY `personaid` (`personaid`),
  ADD KEY `tipoempleado` (`tipoempleado`),
  ADD KEY `empleadolicenciaid` (`empleadolicenciaid`);

--
-- Indices de la tabla `tbfacturas`
--
ALTER TABLE `tbfacturas`
  ADD PRIMARY KEY (`facturaid`),
  ADD KEY `empleadoid` (`empleadoid`),
  ADD KEY `clienteid` (`clienteid`);

--
-- Indices de la tabla `tbpersonas`
--
ALTER TABLE `tbpersonas`
  ADD PRIMARY KEY (`personaid`);

--
-- Indices de la tabla `tbproductos`
--
ALTER TABLE `tbproductos`
  ADD PRIMARY KEY (`productoid`);

--
-- Indices de la tabla `tbproveedores`
--
ALTER TABLE `tbproveedores`
  ADD PRIMARY KEY (`proveedorid`),
  ADD KEY `personaid` (`personaid`),
  ADD KEY `materiaprimaid` (`productoid`);

--
-- Indices de la tabla `tbtipoempleados`
--
ALTER TABLE `tbtipoempleados`
  ADD PRIMARY KEY (`tipoempleadoid`);

--
-- AUTO_INCREMENT de las tablas volcadas
--

--
-- AUTO_INCREMENT de la tabla `tbcategoriaproducto`
--
ALTER TABLE `tbcategoriaproducto`
  MODIFY `categoriaproductoid` int(11) NOT NULL AUTO_INCREMENT, AUTO_INCREMENT=4;
--
-- AUTO_INCREMENT de la tabla `tbclientes`
--
ALTER TABLE `tbclientes`
  MODIFY `clienteid` int(20) NOT NULL AUTO_INCREMENT, AUTO_INCREMENT=14;
--
-- AUTO_INCREMENT de la tabla `tbpersonas`
--
ALTER TABLE `tbpersonas`
  MODIFY `personaid` int(20) NOT NULL AUTO_INCREMENT, AUTO_INCREMENT=33;
--
-- AUTO_INCREMENT de la tabla `tbproductos`
--
ALTER TABLE `tbproductos`
  MODIFY `productoid` int(11) NOT NULL AUTO_INCREMENT, AUTO_INCREMENT=10;
--
-- AUTO_INCREMENT de la tabla `tbproveedores`
--
ALTER TABLE `tbproveedores`
  MODIFY `proveedorid` int(11) NOT NULL AUTO_INCREMENT, AUTO_INCREMENT=4;
/*!40101 SET CHARACTER_SET_CLIENT=@OLD_CHARACTER_SET_CLIENT */;
/*!40101 SET CHARACTER_SET_RESULTS=@OLD_CHARACTER_SET_RESULTS */;
/*!40101 SET COLLATION_CONNECTION=@OLD_COLLATION_CONNECTION */;
